Feature,Importance
Air_Dust_Ratio,0.7436372422975878
Air_Dust_Product,0.19433654120484448
Temp_Hum_Index,0.04307002452537535
Dust_Log,0.014390045814414571
Dust,0.004566146157777797
Temperature,0.0
AirQuality,0.0
Humidity,0.0
AirQuality_Log,0.0
